Brand,List_Price
BMW,"RM 87,888"
Honda,"RM 70,800"
BMW,"RM 45,800"
Toyota,"RM 49,800"
Honda,"RM 45,800"
BMW,"RM 62,800"
BMW,"RM 119,800"
Toyota,"RM 149,800"
BMW,"RM 87,800"
BMW,"RM 245,800"
Honda,"RM 54,500"
Toyota,"RM 155,800"
Toyota,"RM 155,800"
Perodua,"RM 28,000"
Honda,"RM 59,999"
Honda,"RM 69,800"
Honda,"RM 45,999"
Honda,"RM 44,800"
Toyota,"RM 96,888"
BMW,"RM 58,500"
Volvo,"RM 76,800"
Toyota,"RM 105,800"
Honda,"RM 49,800"
Mazda,"RM 93,800"
BMW,"RM 77,800"
Ford,"RM 55,800"
Toyota,"RM 181,999"
Toyota,"RM 242,999"
Nissan,"RM 47,800"
Toyota,"RM 208,000"
Toyota,"RM 213,000"
Toyota,"RM 308,000"
Toyota,"RM 318,000"
Toyota,"RM 283,000"
Toyota,"RM 293,000"
Toyota,"RM 298,000"
Toyota,"RM 283,000"
Toyota,"RM 283,000"
Toyota,"RM 295,000"
Toyota,"RM 233,000"
Toyota,"RM 298,000"
BMW,"RM 58,000"
BMW,"RM 49,800"
Mercedes-Benz,"RM 42,800"
Mercedes-Benz,"RM 125,800"
Porsche,"RM 248,500"
Ford,"RM 278,800"
Porsche,"RM 228,500"
Land,"RM 258,500"
Porsche,"RM 228,500"
Toyota,"RM 177,000"
Perodua,"RM 22,800"
Honda,"RM 41,800"
Honda,"RM 86,800"
Toyota,"RM 65,800"
Mazda,"RM 59,800"
Suzuki,"RM 81,888"
Mercedes-Benz,"RM 105,000"
Mercedes-Benz,"RM 77,000"
Mercedes-Benz,"RM 95,000"
Honda,"RM 95,800"
BMW,"RM 79,800"
Porsche,"RM 239,000"
BMW,"RM 81,800"
Mercedes-Benz,"RM 139,800"
BMW,"RM 158,800"
MINI,"RM 159,800"
Lexus,"RM 199,800"
BMW,"RM 95,500"
MINI,"RM 107,800"
Mercedes-Benz,"RM 98,800"
Mercedes-Benz,"RM 170,000"
Mazda,"RM 38,800"
Mitsubishi,"RM 75,800"
Hyundai,"RM 83,800"
Toyota,"RM 183,800"
Toyota,"RM 239,800"
Mercedes-Benz,"RM 83,800"
Honda,"RM 65,800"
Mercedes-Benz,"RM 438,800"
Toyota,"RM 85,800"
BMW,"RM 93,800"
Nissan,"RM 43,800"
Toyota,"RM 91,800"
Kia,"RM 27,800"
Mazda,"RM 38,800"
Honda,"RM 38,800"
BMW,"RM 69,888"
BMW,"RM 84,888"
Honda,"RM 49,800"
Mazda,"RM 45,800"
Toyota,"RM 99,888"
Mazda,"RM 110,800"
Volkswagen,"RM 135,800"
Mercedes-Benz,"RM 91,800"
Mercedes-Benz,"RM 155,800"
BMW,"RM 78,800"
Mercedes-Benz,"RM 175,800"
BMW,"RM 125,800"
Toyota,"RM 196,800"
Toyota,"RM 186,800"
Toyota,"RM 588,000"
Toyota,"RM 198,000"
Toyota,"RM 236,000"
Toyota,"RM 308,000"
Mazda,"RM 41,800"
BMW,"RM 75,888"
Mercedes-Benz,"RM 99,888"
Mitsubishi,"RM 44,800"
Mercedes-Benz,"RM 136,800"
Mercedes-Benz,"RM 115,900"
Nissan,"RM 42,999"
Kia,"RM 22,999"
BMW,"RM 65,800"
Mercedes-Benz,"RM 213,800"
BMW,"RM 135,800"
Mazda,"RM 105,800"
Mercedes-Benz,"RM 101,800"
BMW,"RM 93,800"
Toyota,"RM 71,800"
BMW,"RM 73,800"
Mercedes-Benz,"RM 110,800"
Hyundai,"RM 66,800"
Toyota,"RM 76,800"
BMW,"RM 73,800"
Honda,"RM 56,800"
Honda,"RM 76,800"
Honda,"RM 50,800"
Mazda,"RM 65,800"
Honda,"RM 63,800"
Mercedes-Benz,"RM 137,999"
Mercedes-Benz,"RM 122,999"
Mercedes-Benz,"RM 169,999"
Audi,"RM 50,800"
Mercedes-Benz,"RM 135,900"
Mitsubishi,"RM 76,800"
Peugeot,"RM 25,800"
MINI,"RM 67,800"
Toyota,"RM 29,800"
Audi,"RM 109,800"
Toyota,"RM 28,800"
BMW,"RM 158,800"
BMW,"RM 69,800"
BMW,"RM 169,800"
Mercedes-Benz,"RM 48,000"
Honda,"RM 54,800"
Toyota,"RM 51,000"
BMW,"RM 98,000"
Audi,"RM 49,800"
Mercedes-Benz,"RM 141,800"
Mercedes-Benz,"RM 96,800"
Mercedes-Benz,"RM 124,800"
BMW,"RM 89,800"
Mercedes-Benz,"RM 103,800"
Mazda,"RM 69,800"
BMW,"RM 158,800"
Honda,"RM 82,800"
BMW,"RM 145,800"
BMW,"RM 189,800"
BMW,"RM 189,800"
Mercedes-Benz,"RM 109,888"
Toyota,"RM 36,800"
Kia,"RM 26,800"
Nissan,"RM 72,800"
Nissan,"RM 51,800"
Nissan,"RM 45,999"
BMW,"RM 538,800"
Toyota,"RM 208,000"
Audi,"RM 438,000"
Audi,"RM 438,000"
Honda,"RM 49,800"
Honda,"RM 72,800"
Volkswagen,"RM 25,800"
Toyota,"RM 92,999"
BMW,"RM 159,800"
BMW,"RM 69,800"
Mazda,"RM 61,800"
Volvo,"RM 139,900"
MINI,"RM 65,800"
Honda,"RM 51,800"
Honda,"RM 75,800"
Perodua,"RM 27,800"
MINI,"RM 178,800"
Honda,"RM 56,800"
Honda,"RM 49,800"
Toyota,"RM 55,800"
Proton,"RM 35,800"
Toyota,"RM 39,800"
BMW,"RM 75,800"
Honda,"RM 78,800"
Honda,"RM 83,500"
Toyota,"RM 93,888"
Peugeot,"RM 10,800"
Honda,"RM 24,800"
Nissan,"RM 89,900"
Mercedes-Benz,"RM 81,800"
BMW,"RM 54,800"
Nissan,"RM 16,800"
BMW,"RM 62,800"
Volvo,"RM 22,900"
Mercedes-Benz,"RM 142,800"
Mercedes-Benz,"RM 78,800"
Mercedes-Benz,"RM 99,800"
Honda,"RM 60,800"
Ford,"RM 43,800"
Toyota,"RM 166,800"
Mitsubishi,"RM 51,800"
Volkswagen,"RM 81,800"
Mazda,"RM 89,800"
Subaru,"RM 42,800"
Subaru,"RM 36,800"
Honda,"RM 95,800"
Honda,"RM 58,800"
Perodua,"RM 34,800"
Mercedes-Benz,"RM 110,800"
Kia,"RM 28,800"
BMW,"RM 108,800"
Mercedes-Benz,"RM 98,500"
Peugeot,"RM 27,800"
Nissan,"RM 81,800"
BMW,"RM 92,800"
Kia,"RM 49,800"
Volkswagen,"RM 27,888"
Mercedes-Benz,"RM 109,800"
Peugeot,"RM 63,999"
Kia,"RM 22,999"
Subaru,"RM 28,700"
Mazda,"RM 41,999"
Mazda,"RM 62,999"
Mitsubishi,"RM 35,999"
Mazda,"RM 59,999"
Honda,"RM 52,800"
Perodua,"RM 28,800"
Toyota,"RM 90,800"
Honda,"RM 45,800"
Proton,"RM 15,800"
Perodua,"RM 27,000"
Mazda,"RM 49,700"
Toyota,"RM 218,800"
Land,"RM 88,000"
BMW,"RM 63,000"
BMW,"RM 139,900"
Subaru,"RM 37,800"
Toyota,"RM 247,888"
Toyota,"RM 238,888"
Mercedes-Benz,"RM 142,000"
Honda,"RM 39,800"
Honda,"RM 49,800"
Volkswagen,"RM 26,800"
Mazda,"RM 46,800"
Mazda,"RM 53,800"
Perodua,"RM 32,800"
Nissan,"RM 35,800"
Honda,"RM 98,800"
Proton,"RM 63,800"
Mazda,"RM 82,999"
MINI,"RM 149,999"
Honda,"RM 62,999"
Honda,"RM 92,999"
Nissan,"RM 29,999"
Lexus,"RM 139,999"
Perodua,"RM 33,800"
Proton,"RM 18,800"
Honda,"RM 57,800"
Honda,"RM 51,800"
Proton,"RM 14,300"
BMW,"RM 115,000"
BMW,"RM 190,000"
Volkswagen,"RM 89,800"
Toyota,"RM 238,500"
Kia,"RM 25,800"
Mazda,"RM 42,800"
Volkswagen,"RM 45,800"
Volkswagen,"RM 44,800"
Mercedes-Benz,"RM 133,000"
Haval,"RM 45,800"
Land,"RM 499,999"
Mercedes-Benz,"RM 79,800"
Lexus,"RM 219,999"
Ford,"RM 278,000"
Toyota,"RM 155,800"
Toyota,"RM 79,800"
Volkswagen,"RM 85,800"
Kia,"RM 28,800"
Mercedes-Benz,"RM 83,800"
Toyota,"RM 285,000"
Perodua,"RM 16,800"
Mercedes-Benz,"RM 73,888"
Mazda,"RM 41,800"
Proton,"RM 37,800"
Volkswagen,"RM 22,800"
MINI,"RM 188,888"
Mercedes-Benz,"RM 99,999"
Audi,"RM 69,588"
Mercedes-Benz,"RM 163,800"
Proton,"RM 15,800"
Proton,"RM 27,800"
Honda,"RM 45,800"
Perodua,"RM 37,800"
Honda,"RM 44,800"
Toyota,"RM 31,999"
Land,"RM 199,999"
Kia,"RM 37,999"
Kia,"RM 36,999"
Hyundai,"RM 35,999"
Volkswagen,"RM 85,888"
BMW,"RM 79,800"
Honda,"RM 89,800"
Honda,"RM 86,800"
Mercedes-Benz,"RM 75,800"
Proton,"RM 44,800"
Mitsubishi,"RM 91,800"
Honda,"RM 56,800"
Volkswagen,"RM 53,800"
Mercedes-Benz,"RM 151,800"
Honda,"RM 35,800"
Peugeot,"RM 19,800"
BMW,"RM 88,800"
Honda,"RM 59,800"
MINI,"RM 136,800"
Audi,"RM 45,800"
Toyota,"RM 94,800"
Mitsubishi,"RM 33,999"
Mercedes-Benz,"RM 65,800"
Hyundai,"RM 27,999"
Proton,"RM 72,800"
Isuzu,"RM 53,800"
Audi,"RM 438,000"
Mazda,"RM 49,900"
Honda,"RM 54,800"
Mercedes-Benz,"RM 101,800"
Toyota,"RM 43,800"
Honda,"RM 39,800"
Mazda,"RM 63,999"
Toyota,"RM 104,999"
BMW,"RM 89,800"
Honda,"RM 56,800"
Honda,"RM 49,999"
Toyota,"RM 37,999"
Nissan,"RM 44,800"
Mercedes-Benz,"RM 185,000"
Toyota,"RM 109,800"
Honda,"RM 39,800"
BMW,"RM 125,800"
Peugeot,"RM 62,800"
BMW,"RM 64,800"
Mazda,"RM 59,999"
BMW,"RM 79,999"
Nissan,"RM 33,800"
BMW,"RM 178,000"
BMW,"RM 162,000"
Mitsubishi,"RM 65,800"
BMW,"RM 79,800"
Honda,"RM 58,800"
Mitsubishi,"RM 77,000"
Honda,"RM 59,800"
Honda,"RM 39,800"
Mazda,"RM 47,800"
Mazda,"RM 48,800"
Porsche,"RM 189,900"
Mercedes-Benz,"RM 105,000"
Toyota,"RM 100,000"
Lexus,"RM 85,800"
Nissan,"RM 45,800"
Nissan,"RM 54,800"
Toyota,"RM 112,000"
Lexus,"RM 79,900"
Mazda,"RM 39,900"
Nissan,"RM 90,800"
Audi,"RM 55,999"
Toyota,"RM 235,000"
Mazda,"RM 75,800"
Mazda,"RM 89,999"
Toyota,"RM 53,800"
Honda,"RM 25,999"
Audi,"RM 43,800"
Ford,"RM 42,800"
Ford,"RM 49,800"
Peugeot,"RM 26,800"
Toyota,"RM 91,888"
Nissan,"RM 46,800"
Honda,"RM 53,800"
Mercedes-Benz,"RM 86,800"
Audi,"RM 41,888"
BMW,"RM 50,888"
Nissan,"RM 56,800"
Honda,"RM 46,800"
Mercedes-Benz,"RM 136,800"
Audi,"RM 329,800"
Toyota,"RM 86,888"
Kia,"RM 68,800"
Perodua,"RM 32,800"
Honda,"RM 62,800"
Perodua,"RM 48,800"
BMW,"RM 82,800"
Toyota,"RM 248,888"
Toyota,"RM 61,800"
Honda,"RM 70,800"
Mazda,"RM 98,800"
Toyota,"RM 55,800"
Volkswagen,"RM 116,800"
Proton,"RM 33,800"
Perodua,"RM 26,800"
Toyota,"RM 115,888"
Nissan,"RM 51,800"
Toyota,"RM 79,800"
Land,"RM 355,800"
Isuzu,"RM 49,800"
Volkswagen,"RM 59,800"
Honda,"RM 79,800"
Nissan,"RM 46,800"
Mercedes-Benz,"RM 151,000"
Toyota,"RM 159,888"
Mercedes-Benz,"RM 169,800"
Honda,"RM 52,800"
Land,"RM 78,800"
BMW,"RM 119,888"
Perodua,"RM 49,800"
Perodua,"RM 34,900"
Honda,"RM 75,000"
Ford,"RM 169,999"
Mercedes-Benz,"RM 115,999"
Suzuki,"RM 20,800"
Toyota,"RM 63,800"
Lexus,"RM 45,800"
Perodua,"RM 44,800"
Lexus,"RM 148,800"
Kia,"RM 29,800"
Honda,"RM 61,800"
BMW,"RM 210,000"
Mitsubishi,"RM 72,999"
Lexus,"RM 238,888"
Volvo,"RM 76,888"
Mazda,"RM 96,800"
BMW,"RM 168,500"
Honda,"RM 27,999"
Perodua,"RM 39,800"
BMW,"RM 83,800"
Peugeot,"RM 20,800"
Mazda,"RM 80,800"
Mercedes-Benz,"RM 97,800"
Mercedes-Benz,"RM 133,800"
Perodua,"RM 24,800"
Proton,"RM 14,800"
Proton,"RM 26,800"
Honda,"RM 60,800"
Toyota,"RM 198,500"
Hyundai,"RM 29,800"
Mercedes-Benz,"RM 59,999"
Perodua,"RM 37,999"
BMW,"RM 85,999"
Kia,"RM 48,999"
Honda,"RM 47,999"
Honda,"RM 57,999"
BMW,"RM 73,999"
Volkswagen,"RM 32,999"
Hyundai,"RM 35,999"
Subaru,"RM 45,999"
Mercedes-Benz,"RM 109,900"
Proton,"RM 61,800"
Isuzu,"RM 49,800"
Kia,"RM 44,800"
BMW,"RM 85,888"
Mercedes-Benz,"RM 63,999"
Toyota,"RM 79,999"
Volkswagen,"RM 92,800"
Honda,"RM 45,800"
BMW,"RM 165,000"
Isuzu,"RM 53,800"
Mazda,"RM 69,800"
Honda,"RM 45,999"
Mazda,"RM 45,999"
MINI,"RM 149,999"
Mazda,"RM 87,800"
Perodua,"RM 26,800"
Honda,"RM 68,800"
Proton,"RM 69,800"
Volkswagen,"RM 55,999"
Toyota,"RM 157,999"
Mercedes-Benz,"RM 123,000"
Toyota,"RM 198,000"
Mercedes-Benz,"RM 122,000"
Isuzu,"RM 41,800"
Volkswagen,"RM 60,888"
Kia,"RM 35,999"
Ford,"RM 50,800"
Ford,"RM 56,800"
Mazda,"RM 21,900"
Nissan,"RM 66,999"
Nissan,"RM 63,999"
Mazda,"RM 55,800"
Mercedes-Benz,"RM 249,000"
BMW,"RM 109,800"
Honda,"RM 36,800"
Mazda,"RM 49,999"
Audi,"RM 79,888"
Toyota,"RM 70,800"
Honda,"RM 69,800"
Kia,"RM 21,999"
Perodua,"RM 31,999"
Honda,"RM 95,800"
Honda,"RM 59,800"
Honda,"RM 59,500"
Honda,"RM 33,800"
Mazda,"RM 63,999"
Subaru,"RM 75,999"
BMW,"RM 67,999"
Subaru,"RM 65,999"
Ford,"RM 34,800"
Peugeot,"RM 18,999"
Toyota,"RM 169,900"
Toyota,"RM 65,800"
Honda,"RM 48,800"
Honda,"RM 79,800"
Nissan,"RM 66,800"
Kia,"RM 26,999"
Mitsubishi,"RM 45,999"
MINI,"RM 98,888"
Honda,"RM 62,888"
Ford,"RM 298,000"
Peugeot,"RM 27,999"
Toyota,"RM 490,000"
Toyota,"RM 298,000"
Subaru,"RM 33,800"
Kia,"RM 29,800"
Honda,"RM 56,800"
Mazda,"RM 63,800"
Kia,"RM 99,800"
Toyota,"RM 33,800"
Mercedes-Benz,"RM 121,800"
Lexus,"RM 96,800"
Toyota,"RM 139,800"
Mercedes-Benz,"RM 160,999"
Honda,"RM 51,999"
Hyundai,"RM 59,999"
Honda,"RM 139,999"
Perodua,"RM 59,999"
Nissan,"RM 67,999"
Honda,"RM 49,999"
Volkswagen,"RM 49,999"
Toyota,"RM 119,999"
BMW,"RM 56,900"
Land,"RM 268,500"
Nissan,"RM 34,999"
Volkswagen,"RM 55,999"
Mazda,"RM 51,999"
Toyota,"RM 198,500"
Honda,"RM 65,800"
Toyota,"RM 106,800"
Mazda,"RM 115,888"
Honda,"RM 99,990"
Mercedes-Benz,"RM 119,000"
Honda,"RM 91,800"
Honda,"RM 34,800"
Perodua,"RM 46,800"
Honda,"RM 85,800"
Mazda,"RM 98,800"
Toyota,"RM 72,999"
Volkswagen,"RM 59,999"
Lexus,"RM 209,000"
Honda,"RM 106,800"
Mazda,"RM 96,800"
Volkswagen,"RM 99,800"
Volkswagen,"RM 59,888"
Volkswagen,"RM 55,800"
Nissan,"RM 45,999"
Toyota,"RM 37,999"
Perodua,"RM 26,999"
BMW,"RM 69,999"
Honda,"RM 53,800"
Honda,"RM 65,800"
Mazda,"RM 55,800"
Honda,"RM 46,999"
Volkswagen,"RM 95,800"
Perodua,"RM 25,800"
Volkswagen,"RM 63,800"
Nissan,"RM 47,800"
Toyota,"RM 48,800"
Lexus,"RM 223,000"
Mitsubishi,"RM 99,999"
Nissan,"RM 32,999"
Proton,"RM 59,999"
Honda,"RM 65,800"
Perodua,"RM 27,300"
Peugeot,"RM 43,999"
Kia,"RM 69,999"
Toyota,"RM 89,800"
Mercedes-Benz,"RM 169,999"
Porsche,"RM 488,000"
BMW,"RM 89,800"
Perodua,"RM 32,800"
Porsche,"RM 279,000"
Toyota,"RM 149,888"
Subaru,"RM 49,999"
Isuzu,"RM 59,800"
Mercedes-Benz,"RM 99,888"
Mercedes-Benz,"RM 269,900"
Volkswagen,"RM 32,800"
Volkswagen,"RM 33,888"
Audi,"RM 54,999"
Volvo,"RM 45,999"
Honda,"RM 59,999"
Toyota,"RM 109,999"
Porsche,"RM 398,000"
Perodua,"RM 28,999"
Mazda,"RM 43,800"
Kia,"RM 57,800"
BMW,"RM 128,500"
Honda,"RM 61,800"
Honda,"RM 47,800"
Lexus,"RM 198,800"
Mercedes-Benz,"RM 137,999"
Mercedes-Benz,"RM 169,999"
Mazda,"RM 49,999"
Honda,"RM 49,999"
Toyota,"RM 39,999"
Honda,"RM 47,999"
Toyota,"RM 46,999"
Toyota,"RM 555,000"
Honda,"RM 62,800"
Subaru,"RM 45,800"
MINI,"RM 159,888"
Perodua,"RM 23,800"
Subaru,"RM 56,800"
Hyundai,"RM 26,999"
Nissan,"RM 59,999"
Toyota,"RM 189,000"
Honda,"RM 63,800"
Mercedes-Benz,"RM 149,000"
Hyundai,"RM 45,999"
Ford,"RM 199,000"
BMW,"RM 68,000"
Perodua,"RM 45,800"
Mercedes-Benz,"RM 108,500"
Honda,"RM 48,800"
BMW,"RM 109,999"
Land,"RM 109,999"
Toyota,"RM 129,888"
Honda,"RM 111,999"
Nissan,"RM 22,000"
Perodua,"RM 34,000"
Toyota,"RM 56,800"
Mitsubishi,"RM 64,800"
Ford,"RM 148,800"
Toyota,"RM 115,800"
Honda,"RM 62,000"
Honda,"RM 59,999"
Mercedes-Benz,"RM 145,888"
Ford,"RM 182,999"
Toyota,"RM 44,800"
Ford,"RM 79,800"
Hyundai,"RM 45,800"
Porsche,"RM 248,000"
Proton,"RM 19,800"
BMW,"RM 92,999"
Honda,"RM 59,999"
BMW,"RM 117,000"
Perodua,"RM 21,999"
BMW,"RM 149,999"
Volkswagen,"RM 55,999"
Toyota,"RM 116,800"
BMW,"RM 66,800"
Mercedes-Benz,"RM 113,800"
Toyota,"RM 169,800"
Toyota,"RM 169,000"
Toyota,"RM 189,800"
Perodua,"RM 22,999"
Isuzu,"RM 39,999"
Honda,"RM 77,999"
Proton,"RM 65,999"
Perodua,"RM 26,999"
Perodua,"RM 34,999"
Mercedes-Benz,"RM 142,999"
Honda,"RM 54,300"
Mercedes-Benz,"RM 119,800"
Honda,"RM 41,800"
Nissan,"RM 59,800"
Mercedes-Benz,"RM 159,888"
Porsche,"RM 323,000"
Perodua,"RM 27,300"
Mercedes-Benz,"RM 108,000"
Toyota,"RM 265,800"
Mazda,"RM 52,800"
Ford,"RM 288,000"
Isuzu,"RM 52,800"
Volkswagen,"RM 35,000"
Volkswagen,"RM 62,888"
Toyota,"RM 125,800"
Nissan,"RM 61,800"
Honda,"RM 65,800"
Toyota,"RM 99,800"
Toyota,"RM 209,000"
Toyota,"RM 148,888"
Subaru,"RM 48,800"
Lexus,"RM 199,000"
Toyota,"RM 439,000"
Volkswagen,"RM 29,800"
MINI,"RM 175,000"
Toyota,"RM 195,888"
Toyota,"RM 293,000"
Ford,"RM 293,000"
Volkswagen,"RM 95,888"
Toyota,"RM 218,000"
Peugeot,"RM 16,800"
Honda,"RM 52,800"
Honda,"RM 96,800"
BMW,"RM 112,888"
Proton,"RM 39,888"
Ford,"RM 223,000"
Proton,"RM 41,800"
Perodua,"RM 48,800"
Audi,"RM 54,800"
Mercedes-Benz,"RM 149,000"
BMW,"RM 71,000"
Toyota,"RM 235,000"
Toyota,"RM 248,000"
Mercedes-Benz,"RM 155,000"
Isuzu,"RM 39,800"
Toyota,"RM 558,000"
Mitsubishi,"RM 59,800"
Toyota,"RM 236,900"
Hyundai,"RM 69,875"
Hyundai,"RM 126,875"
BMW,"RM 111,800"
Volkswagen,"RM 36,888"
Volkswagen,"RM 36,800"
Mazda,"RM 55,999"
BMW,"RM 57,999"
Hyundai,"RM 43,999"
Volkswagen,"RM 30,999"
Hyundai,"RM 55,999"
Volkswagen,"RM 79,999"
Peugeot,"RM 24,999"
Volkswagen,"RM 59,999"
Volkswagen,"RM 29,999"
Peugeot,"RM 69,999"
Toyota,"RM 76,999"
Mitsubishi,"RM 61,999"
Honda,"RM 58,999"
Honda,"RM 56,999"
Mitsubishi,"RM 69,999"
Peugeot,"RM 69,999"
Honda,"RM 84,999"
Honda,"RM 51,999"
Proton,"RM 29,999"
Honda,"RM 92,800"
Honda,"RM 63,800"
Volkswagen,"RM 29,999"
Volkswagen,"RM 27,999"
Mazda,"RM 57,999"
Mazda,"RM 65,999"
Mazda,"RM 68,999"
Volkswagen,"RM 38,999"
Peugeot,"RM 75,999"
Hyundai,"RM 148,875"
Toyota,"RM 65,800"
Honda,"RM 52,999"
Mazda,"RM 42,999"
Mazda,"RM 58,999"
Mercedes-Benz,"RM 159,999"
Honda,"RM 62,999"
Honda,"RM 52,999"
Toyota,"RM 328,000"
Lexus,"RM 238,000"
BMW,"RM 55,999"
Ford,"RM 63,999"
Toyota,"RM 69,999"
Audi,"RM 49,999"
Hyundai,"RM 118,875"
Toyota,"RM 72,999"
Toyota,"RM 59,999"
Mazda,"RM 79,999"
Mazda,"RM 49,999"
Volkswagen,"RM 38,888"
Hyundai,"RM 108,875"
Mercedes-Benz,"RM 168,000"
Nissan,"RM 68,888"
Honda,"RM 77,800"
Proton,"RM 62,999"
Honda,"RM 52,999"
Nissan,"RM 31,999"
Honda,"RM 86,000"
Honda,"RM 39,999"
Perodua,"RM 37,999"
Honda,"RM 60,999"
Mazda,"RM 58,999"
Hyundai,"RM 40,999"
Mazda,"RM 52,999"
Mazda,"RM 54,999"
Proton,"RM 45,999"
BMW,"RM 39,999"
Proton,"RM 29,999"
Proton,"RM 36,999"
Toyota,"RM 49,999"
Nissan,"RM 57,999"
Perodua,"RM 49,800"
Volkswagen,"RM 36,788"
Mazda,"RM 99,788"
Volvo,"RM 83,788"
Ford,"RM 29,788"
Volvo,"RM 62,788"
Audi,"RM 53,688"
Proton,"RM 28,999"
Kia,"RM 69,999"
Honda,"RM 49,999"
Mazda,"RM 89,999"
Proton,"RM 33,999"
Volkswagen,"RM 69,999"
Proton,"RM 62,999"
Proton,"RM 34,999"
Nissan,"RM 69,999"
Proton,"RM 47,999"
Audi,"RM 54,999"
Nissan,"RM 47,999"
Hyundai,"RM 29,988"
Haval,"RM 32,788"
Proton,"RM 32,999"
Mazda,"RM 45,999"
Honda,"RM 61,999"
Volvo,"RM 42,999"
Hyundai,"RM 67,875"
Kia,"RM 59,999"
Peugeot,"RM 49,999"
Peugeot,"RM 29,999"
Honda,"RM 60,999"
Kia,"RM 52,999"
Nissan,"RM 49,999"
Mazda,"RM 60,999"
Honda,"RM 52,999"
Toyota,"RM 69,800"
Mazda,"RM 91,999"
Proton,"RM 55,999"
Toyota,"RM 57,999"
Volkswagen,"RM 27,999"
Hyundai,"RM 36,999"
Perodua,"RM 31,999"
Toyota,"RM 318,000"
Mazda,"RM 70,800"
Mazda,"RM 65,999"
Peugeot,"RM 20,999"
Honda,"RM 57,999"
Mazda,"RM 52,999"
Toyota,"RM 178,888"
Volkswagen,"RM 34,999"
Porsche,"RM 312,800"
Mercedes-Benz,"RM 152,800"
Honda,"RM 84,800"
Honda,"RM 53,999"
Honda,"RM 54,999"
Perodua,"RM 54,999"
Volkswagen,"RM 31,999"
Ford,"RM 21,999"
Honda,"RM 50,999"
Toyota,"RM 102,999"
Kia,"RM 19,999"
Ford,"RM 25,999"
Mazda,"RM 48,999"
Mercedes-Benz,"RM 94,999"
Perodua,"RM 49,999"
Mercedes-Benz,"RM 139,000"
Honda,"RM 96,800"
Hyundai,"RM 107,875"
Kia,"RM 68,800"
Ford,"RM 31,888"
Honda,"RM 63,800"
Audi,"RM 49,800"
Proton,"RM 33,000"
Mercedes-Benz,"RM 93,800"
Toyota,"RM 43,800"
Perodua,"RM 42,800"
Proton,"RM 30,800"
BMW,"RM 203,800"
BMW,"RM 84,800"
Volkswagen,"RM 82,800"
BMW,"RM 60,800"
Ssangyong,"RM 27,800"
Mercedes-Benz,"RM 48,800"
Mazda,"RM 51,800"
Honda,"RM 69,800"
Honda,"RM 57,800"
Mazda,"RM 58,800"
Toyota,"RM 51,800"
Mazda,"RM 50,800"
Land,"RM 72,800"
Subaru,"RM 36,800"
MINI,"RM 86,800"
Isuzu,"RM 70,800"
Mazda,"RM 52,000"
